<?xml version="1.0" encoding="UTF-8" standalone="yes"?>
<a:clrScheme xmlns:a="http://schemas.openxmlformats.org/drawingml/2006/main" name="KS2014Colors"><a:dk1><a:srgbClr val="6D6D6D"/></a:dk1><a:lt1><a:sysClr val="window" lastClr="FFFFFF"/></a:lt1><a:dk2><a:srgbClr val="ED7404"/></a:dk2><a:lt2><a:srgbClr val="D4021D"/></a:lt2><a:accent1><a:srgbClr val="80A3CA"/></a:accent1><a:accent2><a:srgbClr val="005782"/></a:accent2><a:accent3><a:srgbClr val="B5B5B5"/></a:accent3><a:accent4><a:srgbClr val="484B47"/></a:accent4><a:accent5><a:srgbClr val="7E7F37"/></a:accent5><a:accent6><a:srgbClr val="323C18"/></a:accent6><a:hlink><a:srgbClr val="80A3CA"/></a:hlink><a:folHlink><a:srgbClr val="005782"/></a:folHlink></a:clrScheme>